codec,phase,budget_bytes,pq_file_bytes,budget_utilization,nodes,graph_bytes,graph_lookup_bytes,vector_payload_bytes,vector_metadata_bytes,total_bytes,peak_rss_after_cache_kib,current_rss_after_cache_kib,peak_rss_after_search_kib,current_rss_after_search_kib,state_cache_payload_bytes,recall,qps,mean_us,p999_us,mean_ios
raw,check,33554432,32000008,0.975752592086792,37814,13380056,8388608,19360768,0,32740824,183680,184464,183680,184596,0,99.999000,186.524995,5298.628200,8019.000000,49.891000
raw,performance,33554432,32000008,0.975752592086792,37814,13380056,8388608,19360768,0,32740824,185472,186508,185472,186644,0,99.999000,348.172324,2814.341900,4674.000000,51.257400
alp,check,33554432,32000008,0.7419338822364807,64071,16845980,8388608,8049190,0,24895170,184128,185236,184128,185432,0,99.999000,191.231572,5174.584600,10194.000000,48.711600
alp,performance,33554432,32000008,0.7419338822364807,64071,16845980,8388608,8049190,0,24895170,184128,185172,184128,185372,0,99.999000,358.434877,2736.991300,4132.000000,50.013000
dexor,check,33554432,32000008,0.9137044548988342,65149,16988276,8388608,12106982,1563576,30658834,241920,244272,241920,244468,4333056,99.999000,189.521664,5220.842800,7318.000000,48.663000
dexor,performance,33554432,32000008,0.9137044548988342,65149,16988276,8388608,12106982,1563576,30658834,241920,244176,242368,244312,4333056,99.999000,346.532453,2829.141100,5866.000000,49.948300
gorilla,check,33554432,32000008,0.9985811114311218,24508,7429360,4194304,25489270,588192,33506822,250880,252096,250880,252292,1128960,99.999000,185.243749,5347.630300,7841.000000,50.618200
gorilla,performance,33554432,32000008,0.9985811114311218,24508,7429360,4194304,25489270,588192,33506822,250880,252200,250880,252336,1128960,99.999000,340.310948,2883.951500,6910.000000,52.084400
elf,check,33554432,32000008,0.9631085097789764,50889,15105956,8388608,15989267,1221336,32316559,223552,224972,223552,225232,2340864,99.999000,188.433437,5251.356300,8164.000000,49.302800
elf,performance,33554432,32000008,0.9631085097789764,50889,15105956,8388608,15989267,1221336,32316559,223552,224948,223552,225084,2340864,99.999000,348.670215,2814.161700,5501.000000,50.640400
